order_id,user_id,eval_set,order_number,order_dow,order_hour_of_day,days_since_prior_order,_process_date
2265285,63030,prior,13,3,16,6,null
717195,63030,prior,14,1,10,5,null
2581236,63030,prior,15,5,14,11,null
485524,63030,prior,16,1,14,3,null
772129,63030,prior,17,4,9,17,null
89661,63030,prior,18,2,14,5,null
312512,63030,prior,19,3,15,8,null
2860265,63030,prior,20,3,9,7,null
2803043,63030,prior,21,0,15,25,null
1446105,63030,prior,22,4,8,4,null
3047884,63030,prior,23,1,11,4,null
2739705,63030,prior,24,3,11,9,null
3298663,63030,prior,25,3,11,7,null
2700881,63030,prior,26,2,15,6,null
1519349,63030,prior,27,3,16,8,null
3077888,63030,prior,28,2,15,6,null
781200,63030,prior,29,3,9,8,null
2252510,63030,prior,30,2,15,6,null
3269848,63030,prior,31,1,14,6,null
772036,63030,prior,32,3,11,9,null
2041338,63030,prior,33,3,9,7,null
2138648,63030,prior,34,3,11,0,null
1800150,63030,prior,35,1,14,5,null
1736521,63030,prior,36,1,11,7,null
684126,63030,prior,37,3,9,9,null
750795,63030,prior,38,1,11,5,null
79802,63030,train,39,1,11,7,null
1353990,63031,prior,1,4,11,null,null
2400250,63031,prior,2,5,8,1,null
1771822,63031,prior,3,0,19,2,null
765402,63031,prior,4,3,12,3,null
1181432,63031,prior,5,1,13,5,null
217358,63031,prior,6,3,2,2,null
2166904,63031,prior,7,4,12,1,null
2799862,63031,prior,8,6,18,2,null
127422,63031,prior,9,0,21,1,null
3372780,63031,prior,10,1,16,1,null
209645,63031,prior,11,2,12,1,null
894598,63031,prior,12,1,16,6,null
2176413,63031,prior,13,0,10,6,null
3297590,63031,prior,14,3,16,3,null
3383700,63031,prior,15,4,15,1,null
754166,63031,prior,16,5,12,1,null
674292,63031,prior,17,1,20,3,null
1618403,63031,prior,18,2,15,8,null
241739,63031,prior,19,1,10,13,null
2585472,63031,prior,20,3,12,2,null
1041400,63031,prior,21,3,12,7,null
3248967,63031,prior,22,0,13,4,null
313006,63031,prior,23,0,22,0,null
2515421,63031,prior,24,1,13,1,null
206081,63031,prior,25,3,13,2,null
3396310,63031,prior,26,6,20,3,null
201928,63031,prior,27,2,17,3,null
1564422,63031,prior,28,3,16,8,null
2025485,63031,prior,29,4,15,1,null
1432411,63031,prior,30,5,17,1,null
1406828,63031,prior,31,0,16,2,null
2383828,63031,prior,32,1,17,1,null
501712,63031,prior,33,3,13,2,null
2136717,63031,train,34,5,13,2,null
1471276,63032,prior,1,0,9,null,null
3179740,63032,prior,2,6,12,6,null
473949,63032,prior,3,5,9,13,null
1007685,63032,prior,4,0,20,2,null
2138211,63032,prior,5,6,8,6,null
1598385,63032,prior,6,1,21,30,null
1042530,63032,prior,7,6,7,30,null
1257545,63032,prior,8,3,12,25,null
3073497,63032,prior,9,2,20,13,null
1987397,63032,prior,10,3,13,8,null
1219608,63032,prior,11,3,17,7,null
1291903,63032,prior,12,5,9,30,null
3398241,63032,prior,13,0,10,30,null
2568823,63032,test,14,4,7,30,null
2972367,63033,prior,1,4,21,null,null
2416556,63033,prior,2,0,14,10,null
2384509,63033,prior,3,6,11,13,null
735789,63033,prior,4,0,16,15,null
1180830,63033,prior,5,2,19,16,null
2747184,63033,prior,6,6,19,18,null
1124073,63033,prior,7,6,18,30,null
1167133,63033,prior,8,0,11,15,null
224677,63033,prior,9,0,13,14,null
1287606,63033,prior,10,6,19,20,null
785465,63033,prior,11,0,14,30,null
210453,63033,prior,12,6,14,20,null
1951613,63033,prior,13,0,15,15,null
848498,63033,prior,14,0,13,21,null
3381436,63033,prior,15,6,15,30,null
528351,63033,train,16,6,14,28,null
131535,63034,prior,1,2,15,null,null
1341637,63034,prior,2,0,16,5,null
372049,63034,prior,3,1,14,8,null
296003,63034,prior,4,1,16,14,null
3026822,63034,prior,5,0,16,13,null
1621732,63034,prior,6,0,19,14,null
3081308,63034,prior,7,5,12,19,null
3017223,63034,test,8,6,17,30,null
2675406,63035,prior,1,3,17,null,null
3411455,63035,prior,2,4,16,1,null
3109800,63035,prior,3,2,19,5,null
355486,63035,prior,4,2,16,7,null
1928863,63035,prior,5,2,16,7,null
2837241,63035,prior,6,3,20,8,null
164357,63035,prior,7,3,20,0,null
2143652,63035,prior,8,3,8,7,null
2989794,63035,prior,9,2,8,6,null
1144200,63035,prior,10,2,15,7,null
2866738,63035,prior,11,3,8,8,null
2822097,63035,prior,12,2,7,6,null
3173930,63035,prior,13,3,8,8,null
2328710,63035,prior,14,2,18,6,null
726643,63035,prior,15,1,14,13,null
2720736,63035,prior,16,0,17,30,null
3189366,63035,test,17,5,8,5,null
3212138,63036,prior,1,4,13,null,null
263403,63036,prior,2,5,13,8,null
675144,63036,prior,3,3,12,30,null
989458,63036,prior,4,1,11,30,null
3324827,63036,train,5,4,16,30,null
1100505,63037,prior,1,4,16,null,null
161757,63037,prior,2,3,18,6,null
107286,63037,prior,3,0,14,18,null
1965117,63037,prior,4,2,15,23,null
293978,63037,prior,5,6,12,11,null
2497307,63037,train,6,3,16,4,null
3380726,63038,prior,1,6,2,null,null
1743474,63038,prior,2,5,6,6,null
547547,63038,prior,3,1,10,30,null
701341,63038,prior,4,4,18,3,null
1160549,63038,prior,5,0,19,3,null
3081898,63038,prior,6,5,16,5,null
2173581,63038,prior,7,6,20,30,null
1083571,63038,prior,8,3,8,4,null
1845167,63038,prior,9,5,13,16,null
60247,63038,prior,10,1,19,3,null
2673541,63038,prior,11,1,20,0,null
1393009,63038,prior,12,2,17,1,null
3193730,63038,prior,13,3,13,8,null
1262763,63038,train,14,2,17,13,null
1305622,63039,prior,1,2,16,null,null
3291904,63039,prior,2,1,14,6,null
1769582,63039,prior,3,3,10,9,null
278252,63039,prior,4,2,8,30,null
2290385,63039,prior,5,2,10,30,null
1451698,63039,prior,6,2,10,30,null
3306453,63039,prior,7,4,10,30,null
524883,63039,prior,8,4,10,30,null
3078683,63039,prior,9,4,10,7,null
829751,63039,prior,10,3,12,6,null
1679811,63039,prior,11,5,7,16,null
3350323,63039,prior,12,1,10,30,null
2155996,63039,train,13,2,8,15,null
3411599,63040,prior,1,1,19,null,null
2969919,63040,prior,2,6,17,30,null
2100328,63040,prior,3,5,8,6,null
1576478,63040,prior,4,6,17,8,null
1148035,63040,prior,5,5,9,27,null
955339,63040,prior,6,2,13,4,null
2771909,63040,prior,7,5,18,3,null
2039543,63040,prior,8,2,16,4,null
2362299,63040,prior,9,3,13,1,null
3122571,63040,prior,10,4,11,15,null
1161066,63040,prior,11,0,10,10,null
1888243,63040,prior,12,0,14,0,null
464945,63040,prior,13,0,12,7,null
3233200,63040,prior,14,2,16,23,null
2922652,63040,prior,15,3,9,22,null
113782,63040,prior,16,1,7,12,null
2105930,63040,prior,17,0,11,30,null
243244,63040,prior,18,3,10,17,null
1991309,63040,prior,19,6,9,3,null
2688743,63040,prior,20,1,14,16,null
1617618,63040,prior,21,1,8,7,null
1861568,63040,train,22,2,10,8,null
3008793,63041,prior,1,0,9,null,null
433553,63041,prior,2,0,9,30,null
1242417,63041,prior,3,0,16,7,null
1550266,63041,prior,4,3,17,30,null
2519322,63041,test,5,0,17,30,null
893326,63042,prior,1,5,17,null,null
3078226,63042,prior,2,3,6,5,null
3291472,63042,prior,3,1,6,5,null
419284,63042,prior,4,1,15,7,null
1851338,63042,prior,5,0,10,6,null
2054310,63042,train,6,6,6,6,null
1097364,63043,prior,1,6,12,null,null
1092777,63043,prior,2,4,17,12,null
485566,63043,prior,3,0,16,3,null
3419968,63043,prior,4,5,16,12,null
2626661,63043,prior,5,6,17,1,null
2109564,63043,prior,6,4,14,5,null
224664,63043,prior,7,3,20,30,null
2895316,63043,prior,8,4,16,1,null
2244531,63043,prior,9,5,18,15,null
2360890,63043,test,10,4,16,30,null
1285544,63044,prior,1,5,13,null,null
2647155,63044,prior,2,2,17,4,null
374877,63044,prior,3,6,23,4,null
715892,63044,prior,4,5,14,6,null
1382232,63044,prior,5,3,23,5,null
2454919,63044,prior,6,0,14,18,null
118655,63044,prior,7,6,19,6,null
529996,63044,prior,8,0,17,15,null
578560,63044,prior,9,5,18,5,null
1299536,63044,prior,10,6,12,29,null
575487,63044,prior,11,0,16,8,null
1169896,63044,prior,12,0,14,14,null
1005050,63044,prior,13,4,16,11,null
360941,63044,prior,14,6,13,16,null
2303749,63044,prior,15,4,21,12,null
1281663,63044,prior,16,0,17,30,null
739358,63044,prior,17,4,23,11,null
1592178,63044,prior,18,4,8,14,null
1824950,63044,prior,19,2,21,5,null
1653129,63044,prior,20,4,16,9,null
3141664,63044,prior,21,6,15,9,null
2319539,63044,prior,22,0,11,15,null
2493841,63044,prior,23,6,13,6,null
166522,63044,prior,24,6,0,30,null
1258938,63044,train,25,2,23,10,null
2892340,63045,prior,1,4,11,null,null
150182,63045,prior,2,0,15,3,null
622038,63045,prior,3,6,16,13,null
2418315,63045,prior,4,0,17,30,null
1829438,63045,train,5,4,17,4,null
1612931,63046,prior,1,6,18,null,null
153068,63046,prior,2,3,10,11,null
1791591,63046,prior,3,3,23,21,null
2718124,63046,prior,4,2,16,20,null
3135194,63046,prior,5,0,14,5,null
978205,63046,prior,6,3,11,10,null
345679,63046,train,7,2,13,30,null
748470,63047,prior,1,4,19,null,null
932187,63047,prior,2,5,17,8,null
3232047,63047,prior,3,1,14,10,null
1313663,63047,prior,4,5,14,11,null
1668801,63047,prior,5,3,11,5,null
2846567,63047,prior,6,3,11,7,null
505657,63047,prior,7,1,14,5,null
980433,63047,prior,8,6,13,5,null
1668976,63047,prior,9,5,15,6,null
2614526,63047,prior,10,5,17,7,null
2778326,63047,prior,11,1,13,10,null
2130116,63047,prior,12,2,14,15,null
2966002,63047,prior,13,2,8,7,null
249732,63047,prior,14,2,10,14,null
2794156,63047,prior,15,4,10,30,null
1940565,63047,prior,16,2,16,5,null
2014270,63047,test,17,3,15,15,null
2337060,63048,prior,1,2,13,null,null
1347699,63048,prior,2,3,17,1,null
2085470,63048,prior,3,6,14,3,null
1648284,63048,prior,4,4,18,12,null
3356093,63048,prior,5,0,14,3,null
252402,63048,prior,6,4,17,18,null
418438,63048,prior,7,2,15,5,null
113058,63048,prior,8,1,17,13,null
297733,63048,prior,9,5,7,11,null
2619830,63048,prior,10,2,10,30,null
2285485,63048,prior,11,3,18,22,null
3028398,63048,prior,12,6,15,10,null
1245330,63048,prior,13,2,11,17,null
3168742,63048,train,14,3,14,22,null
90885,63049,prior,1,1,16,null,null
2530386,63049,prior,2,0,11,20,null
2821693,63049,prior,3,2,19,30,null
3240942,63049,prior,4,1,16,30,null
2779518,63049,prior,5,6,17,30,null
1984218,63049,prior,6,2,17,24,null
1176130,63049,prior,7,1,16,13,null
1123914,63049,prior,8,0,10,6,null
845387,63049,prior,9,3,12,10,null
3133287,63049,prior,10,1,12,12,null
622159,63049,prior,11,1,15,28,null
2973613,63049,prior,12,2,15,8,null
831087,63049,prior,13,1,15,6,null
2649530,63049,prior,14,1,17,21,null
2486557,63049,prior,15,1,16,14,null
2075992,63049,test,16,5,15,18,null
2384091,63050,prior,1,4,20,null,null
2517585,63050,prior,2,4,20,30,null
747930,63050,prior,3,4,21,0,null
3318863,63050,prior,4,3,12,6,null
3130349,63050,prior,5,3,18,0,null
623330,63050,prior,6,4,22,1,null
1316496,63050,prior,7,2,17,5,null
2848469,63050,prior,8,3,14,1,null
1453608,63050,prior,9,1,18,5,null
1138841,63050,prior,10,3,18,2,null
2291339,63050,prior,11,4,18,1,null
28388,63050,prior,12,0,18,3,null
581810,63050,prior,13,2,17,2,null
1036781,63050,prior,14,1,15,6,null
1620041,63050,prior,15,3,19,2,null
131345,63050,prior,16,4,21,1,null
794392,63050,prior,17,4,21,0,null
2130333,63050,prior,18,5,14,1,null
1905110,63050,prior,19,0,17,2,null
2895989,63050,prior,20,2,16,2,null
1766672,63050,prior,21,6,12,4,null
3126967,63050,prior,22,0,15,1,null
2893595,63050,prior,23,1,18,1,null
2862051,63050,prior,24,6,12,12,null
1638466,63050,prior,25,6,13,0,null
678140,63050,prior,26,1,16,23,null
1137293,63050,prior,27,5,11,4,null
163784,63050,prior,28,5,15,7,null
2056943,63050,prior,29,2,13,4,null
166550,63050,prior,30,2,14,0,null
1353694,63050,prior,31,5,16,3,null
637788,63050,prior,32,3,12,5,null
1333942,63050,prior,33,4,12,1,null
332966,63050,prior,34,1,12,4,null
2511331,63050,prior,35,6,14,5,null
1524853,63050,prior,36,3,8,4,null
1806823,63050,prior,37,5,17,2,null
3053561,63050,train,38,6,12,8,null
2355022,63051,prior,1,2,12,null,null
1728890,63051,prior,2,4,11,9,null
1153346,63051,prior,3,1,9,30,null
866901,63051,prior,4,0,22,30,null
2732423,63051,prior,5,1,23,22,null
810262,63051,prior,6,6,17,26,null
3178283,63051,prior,7,2,0,10,null
1423981,63051,prior,8,0,16,19,null
2759426,63051,prior,9,4,15,11,null
2133841,63051,prior,10,0,15,10,null
2569523,63051,prior,11,1,12,15,null
274760,63051,prior,12,0,23,13,null
3194099,63051,prior,13,0,15,28,null
1889334,63051,prior,14,6,16,13,null
2848074,63051,prior,15,0,16,8,null
2827451,63051,prior,16,0,10,30,null
354390,63051,prior,17,1,11,30,null
445532,63051,prior,18,4,17,3,null
589135,63051,prior,19,5,12,8,null
479240,63051,prior,20,6,15,8,null
1633616,63051,test,21,2,13,3,null
3220872,63052,prior,1,4,13,null,null
2267011,63052,prior,2,0,11,30,null
3218110,63052,prior,3,6,16,30,null
441021,63052,prior,4,3,13,18,null
1738782,63052,prior,5,2,17,6,null
1695163,63052,train,6,6,19,11,null
2215807,63053,prior,1,0,10,null,null
548683,63053,prior,2,0,9,7,null
149867,63053,prior,3,2,14,16,null
2858218,63053,prior,4,0,12,5,null
2320081,63053,prior,5,0,8,7,null
840240,63053,prior,6,2,11,2,null
379359,63053,prior,7,0,10,5,null
1656855,63053,prior,8,0,13,7,null
563621,63053,prior,9,2,18,9,null
1235206,63053,prior,10,0,8,5,null
1424936,63053,prior,11,1,7,8,null
898823,63053,prior,12,1,16,7,null
3194025,63053,prior,13,2,9,1,null
3406845,63053,prior,14,1,13,6,null
3222871,63053,prior,15,1,6,7,null
1394071,63053,prior,16,1,20,7,null
1586128,63053,prior,17,1,14,7,null
438292,63053,prior,18,3,15,16,null
2949864,63053,prior,19,4,13,15,null
3217560,63053,prior,20,0,13,3,null
1206629,63053,prior,21,5,18,5,null
1777708,63053,prior,22,4,13,6,null
1409548,63053,prior,23,2,18,12,null
308234,63053,prior,24,0,15,5,null
3218741,63053,prior,25,0,10,7,null
467685,63053,prior,26,2,16,9,null
1948359,63053,prior,27,0,15,5,null
305112,63053,prior,28,0,16,7,null
905564,63053,prior,29,0,16,14,null
793098,63053,prior,30,0,16,7,null
86187,63053,prior,31,0,8,14,null
1574580,63053,prior,32,1,7,8,null
2267602,63053,prior,33,6,12,12,null
2133419,63053,prior,34,4,18,12,null
2120735,63053,prior,35,6,12,9,null
945367,63053,prior,36,3,5,11,null
2243320,63053,prior,37,0,8,4,null
1737019,63053,prior,38,0,16,7,null
1194677,63053,prior,39,1,17,8,null
383534,63053,prior,40,6,16,12,null
1931610,63053,prior,41,0,7,15,null
1402061,63053,prior,42,0,16,7,null
1661470,63053,prior,43,1,19,8,null
2935686,63053,train,44,0,16,20,null
2263838,63054,prior,1,1,12,null,null
42160,63054,prior,2,4,15,17,null
2148574,63054,prior,3,1,9,11,null
1766935,63054,prior,4,0,15,6,null
715126,63054,prior,5,4,11,18,null
1411856,63054,prior,6,2,17,5,null
3159048,63054,prior,7,5,16,3,null
2042985,63054,prior,8,4,13,13,null
3409999,63054,prior,9,2,16,5,null
743816,63054,prior,10,5,17,3,null
1989418,63054,prior,11,3,18,5,null
2727015,63054,prior,12,3,14,14,null
2469939,63054,prior,13,5,17,2,null
2392402,63054,prior,14,1,19,10,null
1890554,63054,prior,15,2,12,1,null
2560179,63054,prior,16,0,14,12,null
2076271,63054,prior,17,1,13,1,null
1553432,63054,prior,18,0,14,6,null
1196615,63054,prior,19,0,15,7,null
1365216,63054,prior,20,1,19,1,null
1749676,63054,prior,21,0,16,13,null
2181483,63054,prior,22,0,14,14,null
2841523,63054,prior,23,5,16,19,null
1598344,63054,prior,24,5,16,0,null
2676696,63054,prior,25,2,18,18,null
334023,63054,prior,26,4,16,23,null
1621881,63054,train,27,2,6,12,null
157027,63055,prior,1,1,16,null,null
1563661,63055,prior,2,6,16,5,null
219166,63055,prior,3,6,13,14,null
763304,63055,prior,4,2,17,10,null
626313,63055,prior,5,4,16,16,null
890281,63055,prior,6,0,11,17,null
327177,63055,prior,7,6,12,20,null
936734,63055,prior,8,6,13,30,null
988984,63055,prior,9,3,18,18,null
736151,63055,prior,10,1,18,12,null
2514205,63055,prior,11,3,19,9,null
2074500,63055,prior,12,6,13,10,null
1615182,63055,prior,13,6,19,7,null
530106,63055,prior,14,0,13,8,null
3325620,63055,prior,15,0,15,7,null
2321915,63055,prior,16,3,15,17,null
3093986,63055,prior,17,0,15,11,null
1171090,63055,prior,18,6,10,6,null
1557744,63055,prior,19,2,18,10,null
3242168,63055,prior,20,2,16,7,null
1597332,63055,prior,21,0,15,12,null
644978,63055,prior,22,5,19,5,null
2224898,63055,prior,23,1,11,10,null
2765406,63055,prior,24,5,17,18,null
2132916,63055,prior,25,0,10,16,null
102354,63055,prior,26,5,17,30,null
3314620,63055,test,27,0,15,16,null
677520,63056,prior,1,3,9,null,null
816969,63056,prior,2,5,11,2,null
1852039,63056,prior,3,6,10,1,null
1188461,63056,prior,4,6,18,14,null
2561959,63056,prior,5,2,20,3,null
1903330,63056,prior,6,1,10,30,null
2946682,63056,prior,7,6,8,12,null
951918,63056,prior,8,0,13,1,null
683485,63056,prior,9,0,12,28,null
2760216,63056,prior,10,1,12,1,null
6744,63056,prior,11,5,15,4,null
2459477,63056,prior,12,5,17,14,null
2892154,63056,prior,13,6,10,1,null
349753,63056,prior,14,6,12,0,null
2791606,63056,prior,15,0,13,8,null
1601345,63056,prior,16,4,12,18,null
3102659,63056,prior,17,6,16,2,null
3099016,63056,prior,18,0,14,30,null
2431307,63056,prior,19,6,18,27,null
1386939,63056,prior,20,0,13,1,null
2119058,63056,prior,21,2,16,2,null
1909377,63056,prior,22,5,13,10,null
636138,63056,prior,23,5,17,0,null
1101481,63056,prior,24,6,9,1,null
1432871,63056,prior,25,0,9,1,null
2096818,63056,prior,26,3,22,3,null
2165109,63056,prior,27,5,19,16,null
1086239,63056,prior,28,1,18,10,null
3265927,63056,prior,29,1,18,21,null
2512678,63056,prior,30,1,20,30,null
928086,63056,prior,31,4,10,3,null
1811940,63056,prior,32,6,8,2,null
753264,63056,train,33,0,13,15,null
923909,63057,prior,1,6,13,null,null
548500,63057,prior,2,0,11,30,null
1303210,63057,prior,3,0,16,21,null
1358931,63057,prior,4,1,15,15,null
1979101,63057,prior,5,6,14,12,null
427052,63057,prior,6,6,16,21,null
2892895,63057,prior,7,6,16,21,null
1031118,63057,prior,8,0,17,30,null
1199418,63057,prior,9,3,12,17,null
883765,63057,prior,10,0,16,11,null
1391181,63057,prior,11,6,13,13,null
3406458,63057,test,12,2,13,10,null
307606,63058,prior,1,0,11,null,null
387890,63058,prior,2,2,14,30,null
2414659,63058,prior,3,6,16,30,null
1661026,63058,test,4,3,20,30,null
1583996,63059,prior,1,0,13,null,null
3405973,63059,prior,2,0,14,0,null
2527889,63059,prior,3,1,16,8,null
679338,63059,prior,4,0,13,6,null
3072198,63059,prior,5,6,11,6,null
1165450,63059,prior,6,6,14,7,null
2109887,63059,train,7,0,13,8,null
2899255,63060,prior,1,0,14,null,null
23624,63060,prior,2,0,14,7,null
710038,63060,prior,3,1,11,29,null
2702113,63060,prior,4,0,10,13,null
3295668,63060,prior,5,1,11,15,null
2111852,63060,prior,6,6,11,12,null
2811485,63060,prior,7,3,12,30,null
2977951,63060,prior,8,0,15,30,null
2839317,63060,prior,9,3,7,30,null
1591540,63060,test,10,6,18,30,null
255312,63061,prior,1,5,14,null,null
1447894,63061,prior,2,6,12,8,null
2985701,63061,prior,3,0,12,1,null
2532929,63061,prior,4,6,11,30,null
3235358,63061,prior,5,2,12,30,null
1497919,63061,prior,6,0,10,5,null
518422,63061,prior,7,1,16,1,null
402832,63061,prior,8,3,15,2,null
3249060,63061,prior,9,0,14,4,null
2618616,63061,prior,10,3,18,3,null
2554603,63061,prior,11,6,13,10,null
218050,63061,prior,12,2,12,10,null
2319006,63061,test,13,5,13,10,null
3057898,63062,prior,1,6,19,null,null
272038,63062,prior,2,6,23,21,null
2372682,63062,prior,3,2,13,30,null
1856972,63062,prior,4,6,17,11,null
1653981,63062,prior,5,3,16,30,null
672026,63062,prior,6,6,17,17,null
791087,63062,prior,7,6,15,30,null
2670016,63062,prior,8,5,19,30,null
3398497,63062,prior,9,6,11,29,null
749892,63062,test,10,6,12,30,null
2505882,63063,prior,1,6,11,null,null
300219,63063,prior,2,6,18,21,null
2385854,63063,prior,3,0,17,15,null
800448,63063,test,4,0,17,14,null
433160,63064,prior,1,4,16,null,null
1838631,63064,prior,2,2,10,5,null
2787385,63064,prior,3,4,16,2,null
1930599,63064,prior,4,5,12,22,null
935489,63064,prior,5,1,12,3,null
164155,63064,train,6,3,9,2,null
3081930,63065,prior,1,4,19,null,null
252889,63065,prior,2,6,16,30,null
2931845,63065,prior,3,3,14,4,null
557946,63065,prior,4,6,14,30,null
152282,63065,prior,5,5,18,13,null
2128465,63065,prior,6,3,17,30,null
740380,63065,prior,7,6,16,3,null
2326511,63065,prior,8,3,17,4,null
262811,63065,prior,9,2,18,6,null
3408458,63065,prior,10,5,20,10,null
3356982,63065,prior,11,2,19,4,null
1730624,63065,prior,12,0,15,5,null
376081,63065,prior,13,4,20,4,null
564764,63065,prior,14,6,17,30,null
1648668,63065,prior,15,6,16,7,null
2583096,63065,prior,16,4,16,5,null
389826,63065,prior,17,2,18,5,null
3328036,63065,train,18,2,18,7,null
2735998,63066,prior,1,0,12,null,null
3242001,63066,prior,2,0,10,21,null
12856,63066,prior,3,6,10,6,null
2526058,63066,prior,4,3,15,11,null
2483361,63066,prior,5,6,10,3,null
664846,63066,prior,6,0,13,22,null
2721437,63066,prior,7,5,16,5,null
715019,63066,prior,8,6,12,22,null
2943206,63066,prior,9,6,12,7,null
2551105,63066,prior,10,4,13,19,null
2502816,63066,prior,11,2,17,26,null
374453,63066,prior,12,1,13,30,null
1662221,63066,prior,13,3,17,9,null
1094578,63066,prior,14,4,15,15,null
2864773,63066,train,15,6,13,23,null
1566762,63067,prior,1,2,17,null,null
2165123,63067,prior,2,2,19,30,null
241829,63067,prior,3,1,17,13,null
343515,63067,prior,4,1,17,14,null
1421007,63067,prior,5,0,12,20,null
1704333,63067,prior,6,0,16,21,null
957278,63067,prior,7,0,16,21,null
1459795,63067,prior,8,1,19,22,null
520772,63067,prior,9,0,16,20,null
2166110,63067,prior,10,1,19,22,null
772182,63067,prior,11,1,9,21,null
2098788,63067,prior,12,0,18,6,null
1504819,63067,prior,13,0,10,21,null
1698197,63067,prior,14,4,18,30,null
653787,63067,prior,15,1,15,30,null
1249009,63067,test,16,1,8,7,null
3071898,63068,prior,1,6,14,null,null
428392,63068,prior,2,0,12,15,null
2460386,63068,prior,3,6,14,30,null
160225,63068,prior,4,2,16,10,null
1683217,63068,prior,5,0,9,12,null
2714577,63068,prior,6,2,10,9,null
142576,63068,train,7,6,8,30,null
3309274,63069,prior,1,5,3,null,null
2083452,63069,prior,2,4,15,6,null
726014,63069,prior,3,4,14,14,null
686649,63069,prior,4,5,15,15,null
1148213,63069,prior,5,4,11,20,null
505570,63069,prior,6,5,11,8,null
2165834,63069,prior,7,5,11,0,null
1696691,63069,prior,8,5,14,21,null
2195159,63069,prior,9,4,15,20,null
3106942,63069,prior,10,5,17,29,null
254119,63069,prior,11,2,12,11,null
1178707,63069,prior,12,1,16,27,null
610853,63069,prior,13,3,18,23,null
2475488,63069,prior,14,0,18,30,null
761285,63069,prior,15,3,10,24,null
2701931,63069,prior,16,2,18,13,null
65425,63069,prior,17,3,11,15,null
2129753,63069,prior,18,0,18,30,null
3078645,63069,train,19,5,18,26,null
2661767,63070,prior,1,2,13,null,null
706832,63070,prior,2,2,13,7,null
1678059,63070,prior,3,0,15,5,null
749886,63070,prior,4,4,23,4,null
3384116,63070,prior,5,6,18,9,null
2171582,63070,prior,6,5,12,6,null
2305726,63070,prior,7,2,18,4,null
2580317,63070,prior,8,5,9,17,null
1501309,63070,prior,9,2,11,18,null
997522,63070,prior,10,6,22,11,null
3035668,63070,prior,11,1,12,23,null
919636,63070,prior,12,0,23,6,null
1936905,63070,prior,13,0,12,30,null
2848499,63070,prior,14,3,13,24,null
2320481,63070,prior,15,3,18,14,null
3115301,63070,train,16,3,14,28,null
1069942,63071,prior,1,2,17,null,null
146497,63071,prior,2,0,17,5,null
2776560,63071,prior,3,0,16,14,null
2593987,63071,prior,4,0,13,7,null
1360694,63071,prior,5,3,19,17,null
1318972,63071,train,6,2,17,30,null
1182250,63072,prior,1,2,19,null,null
1031264,63072,prior,2,2,18,7,null
2752972,63072,prior,3,0,12,5,null
1025809,63072,prior,4,0,13,7,null
966701,63072,prior,5,0,11,7,null
1930360,63072,prior,6,0,14,7,null
1292718,63072,prior,7,0,11,7,null
1910052,63072,prior,8,1,15,1,null
3309365,63072,prior,9,6,19,5,null
2981225,63072,prior,10,0,9,8,null
3100543,63072,prior,11,0,10,0,null
948665,63072,prior,12,0,10,0,null
2879777,63072,prior,13,1,18,1,null
1339430,63072,prior,14,1,19,0,null
2899952,63072,prior,15,0,12,6,null
1956677,63072,prior,16,0,14,7,null
2429124,63072,prior,17,6,14,6,null
1775788,63072,prior,18,1,19,2,null
369199,63072,prior,19,6,12,26,null
2447317,63072,prior,20,1,19,16,null
1886505,63072,prior,21,0,14,13,null
3270288,63072,prior,22,5,18,5,null
1046171,63072,prior,23,3,18,5,null
1590828,63072,prior,24,6,10,3,null
3045224,63072,prior,25,1,18,23,null
2466212,63072,prior,26,2,15,1,null
1079938,63072,prior,27,2,13,7,null
2436911,63072,prior,28,0,9,5,null
688180,63072,prior,29,1,13,1,null
865910,63072,prior,30,1,17,21,null
3407686,63072,prior,31,0,14,27,null
2006065,63072,prior,32,4,10,4,null
455262,63072,prior,33,0,15,3,null
1342219,63072,prior,34,2,10,30,null
1886328,63072,prior,35,4,15,16,null
840904,63072,prior,36,5,10,8,null
2383666,63072,prior,37,0,14,23,null
3137548,63072,prior,38,4,14,18,null
2221953,63072,prior,39,0,8,17,null
515720,63072,prior,40,1,9,8,null
3177697,63072,train,41,3,10,9,null
3194044,63073,prior,1,4,16,null,null
1288445,63073,prior,2,0,15,3,null
1240544,63073,prior,3,2,17,2,null
1757767,63073,prior,4,4,16,9,null
1763441,63073,prior,5,0,16,3,null
2979983,63073,prior,6,4,16,4,null
3378238,63073,prior,7,0,9,3,null
3201308,63073,prior,8,6,15,6,null
2395411,63073,prior,9,4,7,5,null
1427244,63073,prior,10,5,12,1,null
631263,63073,prior,11,4,11,6,null
3251256,63073,prior,12,2,7,5,null
2007959,63073,prior,13,5,10,3,null
1114947,63073,prior,14,1,11,3,null
2439339,63073,prior,15,2,8,1,null
3211906,63073,prior,16,5,12,3,null
2787960,63073,prior,17,6,8,1,null
3019708,63073,prior,18,1,11,2,null
3280469,63073,prior,19,4,12,3,null
2038231,63073,prior,20,2,8,5,null
149619,63073,prior,21,5,8,3,null
2115131,63073,prior,22,2,8,4,null
3112582,63073,prior,23,4,14,2,null
3342475,63073,prior,24,6,13,2,null
1212538,63073,prior,25,2,19,3,null
2965459,63073,prior,26,4,12,2,null
1737054,63073,prior,27,1,11,4,null
721048,63073,prior,28,3,8,2,null
3255957,63073,prior,29,2,10,6,null
2985025,63073,prior,30,4,14,2,null
1130451,63073,prior,31,0,7,3,null
563843,63073,prior,32,0,16,0,null
1590974,63073,prior,33,3,7,3,null
2808982,63073,prior,34,6,10,3,null
3079782,63073,prior,35,2,7,3,null
47451,63073,prior,36,5,18,3,null
2022056,63073,prior,37,3,17,5,null
3057470,63073,prior,38,1,10,5,null
910245,63073,prior,39,4,9,3,null
1895501,63073,prior,40,6,13,2,null
3335343,63073,prior,41,3,7,4,null
2754150,63073,prior,42,0,8,4,null
2819490,63073,prior,43,2,14,2,null
2686886,63073,prior,44,5,12,3,null
1372648,63073,prior,45,0,11,2,null
77917,63073,prior,46,2,14,2,null
1690444,63073,prior,47,0,7,5,null
3338844,63073,prior,48,3,7,3,null
1598002,63073,prior,49,6,16,3,null
2122229,63073,prior,50,3,11,4,null
844078,63073,prior,51,4,12,1,null
1641446,63073,prior,52,0,15,3,null
1827591,63073,prior,53,4,7,4,null
1048145,63073,prior,54,1,9,4,null
3284981,63073,prior,55,3,12,2,null
2130064,63073,prior,56,0,14,4,null
1496300,63073,prior,57,3,8,3,null
2840334,63073,prior,58,6,8,3,null
1782774,63073,prior,59,0,9,1,null
492714,63073,prior,60,2,9,2,null
144363,63073,prior,61,6,6,4,null
2126270,63073,prior,62,0,8,1,null
1462193,63073,prior,63,3,16,3,null
2585311,63073,prior,64,6,14,3,null
880925,63073,prior,65,2,10,3,null
2154766,63073,prior,66,4,16,2,null
1901342,63073,prior,67,5,15,1,null
3263897,63073,prior,68,6,9,1,null
594337,63073,prior,69,1,8,2,null
1774399,63073,prior,70,5,10,4,null
141928,63073,prior,71,0,8,2,null
1140982,63073,prior,72,3,7,3,null
941715,63073,prior,73,0,10,4,null
1941310,63073,prior,74,5,7,5,null
2836050,63073,prior,75,0,11,2,null
3406810,63073,prior,76,5,7,5,null
2776114,63073,prior,77,0,13,2,null
1677353,63073,prior,78,3,16,3,null
850830,63073,prior,79,6,17,3,null
1802873,63073,prior,80,0,10,1,null
1691143,63073,prior,81,0,13,7,null
1055819,63073,prior,82,1,15,1,null
3107359,63073,prior,83,3,7,2,null
806012,63073,prior,84,5,14,2,null
662469,63073,prior,85,0,9,2,null
2603104,63073,prior,86,2,15,2,null
2559346,63073,prior,87,5,12,3,null
2509419,63073,prior,88,0,8,2,null
2534882,63073,prior,89,2,13,2,null
339810,63073,prior,90,4,12,2,null
1902967,63073,prior,91,0,13,3,null
2375538,63073,prior,92,3,10,3,null
1131922,63073,prior,93,0,16,4,null
1885357,63073,prior,94,3,14,3,null
1333558,63073,prior,95,1,8,5,null
1348840,63073,prior,96,3,7,2,null
1735557,63073,prior,97,6,12,3,null
226909,63073,prior,98,0,14,1,null
1056251,63073,prior,99,3,17,3,null
335074,63073,test,100,0,12,4,null
3094696,63074,prior,1,3,16,null,null
3145644,63074,prior,2,5,9,9,null
3405390,63074,prior,3,2,10,4,null
3286575,63074,prior,4,2,9,7,null
426495,63074,prior,5,3,10,8,null
949073,63074,prior,6,1,9,12,null
3125744,63074,prior,7,4,10,3,null
1503913,63074,prior,8,3,12,6,null
1544519,63074,prior,9,5,16,2,null
1627110,63074,prior,10,2,10,11,null
2450727,63074,prior,11,1,9,6,null
2180930,63074,prior,12,3,10,9,null
1479611,63074,prior,13,2,10,6,null
1602068,63074,prior,14,4,18,2,null
1616588,63074,prior,15,5,12,15,null
1439236,63074,prior,16,5,14,7,null
3365620,63074,prior,17,3,15,5,null
952958,63074,prior,18,5,9,9,null
1305636,63074,prior,19,4,15,6,null
2079620,63074,prior,20,3,10,6,null
523078,63074,prior,21,1,11,5,null
2832427,63074,prior,22,1,11,7,null
971363,63074,prior,23,4,16,3,null
3291927,63074,prior,24,3,10,6,null
473919,63074,prior,25,3,14,0,null
1169263,63074,prior,26,1,10,5,null
980870,63074,prior,27,5,10,4,null
1360830,63074,prior,28,1,12,3,null
3376872,63074,prior,29,2,9,1,null
3417029,63074,prior,30,4,10,2,null
1517361,63074,prior,31,3,11,6,null
1485768,63074,prior,32,1,10,5,null
2775380,63074,prior,33,3,12,2,null
2940745,63074,prior,34,4,12,1,null
481032,63074,prior,35,5,11,1,null
1063086,63074,prior,36,2,12,4,null
2099156,63074,prior,37,3,11,1,null
861769,63074,prior,38,1,9,5,null
161947,63074,prior,39,4,12,3,null
337201,63074,prior,40,1,13,11,null
2255281,63074,prior,41,2,12,1,null
992094,63074,prior,42,1,11,6,null
1169543,63074,prior,43,1,10,7,null
477303,63074,prior,44,4,10,3,null
3127977,63074,prior,45,2,10,5,null
475791,63074,prior,46,4,10,16,null
1578035,63074,prior,47,3,11,6,null
991426,63074,prior,48,2,12,6,null
2983666,63074,prior,49,1,9,6,null
456791,63074,prior,50,1,11,7,null
3312289,63074,prior,51,1,11,7,null
493284,63074,prior,52,2,11,1,null
1491708,63074,prior,53,1,9,6,null
564909,63074,prior,54,4,10,3,null
2621536,63074,prior,55,4,10,7,null
413902,63074,prior,56,2,12,5,null
2242483,63074,prior,57,1,10,6,null
1885465,63074,prior,58,5,10,4,null
3312922,63074,prior,59,5,10,7,null
503080,63074,prior,60,2,11,4,null
1882096,63074,prior,61,1,9,6,null
704796,63074,prior,62,3,10,2,null
440538,63074,prior,63,1,10,5,null
2141481,63074,prior,64,4,9,3,null
3288700,63074,prior,65,1,12,4,null
2301434,63074,prior,66,1,11,7,null
1462569,63074,prior,67,3,10,2,null
976300,63074,prior,68,1,11,5,null
308340,63074,test,69,5,9,4,null
2428519,63075,prior,1,5,16,null,null
2417915,63075,prior,2,1,17,3,null
1207597,63075,prior,3,2,16,1,null
2356226,63075,prior,4,6,14,4,null
222743,63075,prior,5,2,20,3,null
2705185,63075,prior,6,5,11,3,null
1234778,63075,prior,7,1,18,3,null
1776536,63075,prior,8,5,10,4,null
2572718,63075,prior,9,0,18,2,null
1972220,63075,prior,10,3,16,3,null
2436511,63075,prior,11,4,16,1,null
1110952,63075,prior,12,6,18,2,null
1174370,63075,prior,13,1,16,2,null
3082155,63075,prior,14,4,8,3,null
1139565,63075,prior,15,0,18,3,null
3074831,63075,prior,16,3,21,3,null
735857,63075,prior,17,0,18,4,null
2330864,63075,prior,18,4,4,4,null
2066861,63075,prior,19,2,16,5,null
3377,63075,prior,20,4,19,2,null
884378,63075,prior,21,3,15,6,null
1255129,63075,prior,22,1,21,5,null
21046,63075,prior,23,4,15,3,null
3338479,63075,prior,24,3,11,6,null
2870812,63075,prior,25,4,17,1,null
2745935,63075,prior,26,1,17,4,null
1642441,63075,prior,27,3,20,2,null
536428,63075,prior,28,6,17,3,null
1088556,63075,prior,29,2,18,3,null
1431324,63075,prior,30,5,20,3,null
1156340,63075,prior,31,2,12,4,null
2193744,63075,prior,32,4,17,2,null
1357301,63075,prior,33,1,15,4,null
2608824,63075,prior,34,6,10,5,null
1997971,63075,prior,35,2,1,3,null
714161,63075,prior,36,0,6,5,null
3371288,63075,prior,37,5,21,5,null
908476,63075,prior,38,2,19,4,null
563424,63075,prior,39,6,23,4,null
2743442,63075,prior,40,2,15,3,null
2753189,63075,prior,41,4,15,2,null
2446631,63075,prior,42,1,13,4,null
1793420,63075,prior,43,6,19,5,null
2424931,63075,prior,44,5,9,6,null
1242943,63075,prior,45,2,11,4,null
459701,63075,prior,46,4,14,2,null
2296915,63075,prior,47,1,12,4,null
1430027,63075,prior,48,1,17,7,null
1142663,63075,prior,49,5,8,4,null
805392,63075,prior,50,2,9,4,null
3198255,63075,prior,51,6,14,4,null
2104088,63075,prior,52,1,16,2,null
985217,63075,prior,53,5,13,4,null
1624432,63075,prior,54,1,19,3,null
1815814,63075,prior,55,0,11,6,null
1537689,63075,prior,56,3,16,3,null
2174511,63075,prior,57,0,10,4,null
1307172,63075,prior,58,0,8,7,null
2709658,63075,prior,59,0,0,7,null
1970411,63075,prior,60,1,20,1,null
3242943,63075,prior,61,5,18,4,null
1706414,63075,prior,62,2,7,11,null
1090378,63075,prior,63,5,14,3,null
1727612,63075,prior,64,3,12,5,null
997809,63075,prior,65,2,17,6,null
690896,63075,prior,66,6,11,4,null
2718650,63075,prior,67,3,9,4,null
65521,63075,prior,68,1,17,5,null
474052,63075,prior,69,0,17,6,null
887691,63075,prior,70,0,10,14,null
2761248,63075,prior,71,2,22,16,null
751305,63075,prior,72,5,12,10,null
3020803,63075,prior,73,0,14,16,null
548214,63075,prior,74,2,10,9,null
2179480,63075,prior,75,1,17,6,null
2345950,63075,prior,76,4,16,10,null
458886,63075,prior,77,2,20,5,null
2435333,63075,prior,78,6,20,4,null
2884670,63075,train,79,3,19,11,null
3105035,63076,prior,1,2,15,null,null
874574,63076,prior,2,2,20,21,null
2232508,63076,prior,3,2,15,14,null
1993002,63076,prior,4,5,16,10,null
1441693,63076,prior,5,6,18,8,null
2501053,63076,prior,6,5,14,30,null
2757601,63076,prior,7,4,21,30,null
376450,63076,prior,8,3,15,13,null
730043,63076,prior,9,1,17,12,null
648443,63076,prior,10,3,14,23,null
724621,63076,prior,11,0,15,30,null
2321663,63076,prior,12,5,12,30,null
1928766,63076,test,13,5,12,14,null
1805801,63077,prior,1,1,17,null,null
2477213,63077,prior,2,0,14,6,null
833808,63077,prior,3,4,14,4,null
486739,63077,prior,4,4,12,14,null
2839762,63077,prior,5,0,16,10,null
2808057,63077,prior,6,6,10,13,null
2890895,63077,prior,7,5,15,6,null
1455792,63077,prior,8,2,9,11,null
1428555,63077,prior,9,0,19,5,null
2804259,63077,prior,10,1,12,15,null
2683266,63077,prior,11,4,11,10,null
2623876,63077,prior,12,0,13,10,null
1771777,63077,prior,13,3,17,3,null
984601,63077,prior,14,0,9,4,null
2245794,63077,prior,15,2,16,2,null
3146545,63077,prior,16,0,14,5,null
1002728,63077,prior,17,0,21,0,null
143144,63077,prior,18,2,12,9,null
77632,63077,prior,19,0,10,5,null
125921,63077,prior,20,1,17,8,null
993855,63077,prior,21,0,10,6,null
270465,63077,prior,22,0,13,7,null
2796778,63077,prior,23,1,9,8,null
1449707,63077,prior,24,2,9,8,null
3106273,63077,prior,25,4,10,9,null
870455,63077,prior,26,3,11,13,null
1765295,63077,prior,27,1,10,5,null
660616,63077,prior,28,2,14,1,null
3073119,63077,prior,29,0,11,5,null
2265516,63077,prior,30,2,5,9,null
271600,63077,prior,31,2,11,7,null
646078,63077,prior,32,2,8,7,null
3414120,63077,prior,33,4,9,9,null
1473284,63077,prior,34,2,18,12,null
906246,63077,prior,35,2,14,7,null
1854585,63077,prior,36,4,16,9,null
2930257,63077,prior,37,4,14,7,null
1278780,63077,prior,38,0,11,10,null
569076,63077,prior,39,3,11,10,null
2017657,63077,prior,40,4,10,8,null
2705816,63077,prior,41,2,10,5,null
838320,63077,prior,42,1,10,6,null
726443,63077,prior,43,1,14,14,null
2709547,63077,prior,44,6,11,5,null
1645752,63077,prior,45,3,13,11,null
2775569,63077,prior,46,1,15,12,null
3064306,63077,prior,47,2,9,8,null
852161,63077,test,48,6,11,4,null
715091,63078,prior,1,6,14,null,null
2519014,63078,prior,2,3,17,18,null
3362433,63078,prior,3,3,14,21,null
1085955,63078,prior,4,6,11,30,null
2335062,63078,prior,5,4,19,26,null
1944108,63078,prior,6,2,14,5,null
713310,63078,prior,7,0,10,30,null
2464009,63078,prior,8,4,14,4,null
1123328,63078,prior,9,0,16,3,null
979499,63078,prior,10,6,10,13,null
